{
  "Ashwini Bhat M": {
    "scores": {
      "Matrices": 1,
      "Partial Derivatives": 1
    }
  },
  "asbhat821@gmail.com": {
    "records": [
      {
        "level": "School",
        "subject": "Arithmetic",
        "lesson": "Addition & Subtraction",
        "difficulty": "Intermediate",
        "score": 1,
        "total": 6
      },
      {
        "level": "School",
        "subject": "Arithmetic",
        "lesson": "Addition & Subtraction",
        "difficulty": "Intermediate",
        "score": 3,
        "total": 6
      },
      {
        "level": "School",
        "subject": "Arithmetic",
        "lesson": "Addition & Subtraction",
        "difficulty": "Intermediate",
        "score": 6,
        "total": 6
      },
      {
        "level": "PU",
        "subject": "Algebra",
        "lesson": "Quadratics (Properties)",
        "difficulty": "Intermediate",
        "score": 5,
        "total": 7
      },
      {
        "timestamp": "2025-09-01T08:42:00.335755",
        "level": "PU",
        "subject": "Algebra",
        "lesson": "Quadratic Properties",
        "difficulty": "Basic",
        "score": 4,
        "total": 4,
        "percent": 100.0,
        "details": [
          {
            "q": "Discriminant of 1x^2 + 0x + -4 = ?",
            "your_answer": "16",
            "correct_answer": 16,
            "is_correct": true,
            "explanation": "Correct. Well done!",
            "notes": "D=b2\u22124ac\nD=(0)^2\u22124(1)(\u22124)\n\ud835\udc37=0+16\n\ud835\udc37=16\n\n\t\u200b\n\n"
          },
          {
            "q": "Discriminant of 1x^2 + 9x + 20 = ?",
            "your_answer": "1",
            "correct_answer": 1,
            "is_correct": true,
            "explanation": "Correct. Well done!",
            "notes": "D=b2\u22124ac\nD=(9)^2\u22124(1)(20)\n\ud835\udc37=81\u221280\nD=1"
          },
          {
            "q": "Discriminant of 1x^2 + -8x + 16 = ?",
            "your_answer": "0",
            "correct_answer": 0,
            "is_correct": true,
            "explanation": "Correct. Well done!",
            "notes": "D=(\u22128)^2\u22124(1)(16)\nD=64\u221264\nD=0"
          },
          {
            "q": "For 1x^2 + 2x + -15 = 0, sum of roots = ?",
            "your_answer": "-2",
            "correct_answer": -2,
            "is_correct": true,
            "explanation": "Correct. Well done!",
            "notes": "Sum\u00a0of\u00a0roots=\u22122/1\nSum\u00a0of\u00a0roots=\u22122"
          }
        ]
      },
      {
        "timestamp": "2025-09-01T08:42:12.197737",
        "level": "PU",
        "subject": "Algebra",
        "lesson": "Quadratic Properties",
        "difficulty": "Basic",
        "score": 4,
        "total": 4,
        "percent": 100.0,
        "details": [
          {
            "q": "Discriminant of 1x^2 + 0x + -4 = ?",
            "your_answer": "16",
            "correct_answer": 16,
            "is_correct": true,
            "explanation": "Correct. Well done!",
            "notes": "D=b2\u22124ac\nD=(0)^2\u22124(1)(\u22124)\n\ud835\udc37=0+16\n\ud835\udc37=16\n\n\t\u200b\n\n"
          },
          {
            "q": "Discriminant of 1x^2 + 9x + 20 = ?",
            "your_answer": "1",
            "correct_answer": 1,
            "is_correct": true,
            "explanation": "Correct. Well done!",
            "notes": "D=b2\u22124ac\nD=(9)^2\u22124(1)(20)\n\ud835\udc37=81\u221280\nD=1"
          },
          {
            "q": "Discriminant of 1x^2 + -8x + 16 = ?",
            "your_answer": "0",
            "correct_answer": 0,
            "is_correct": true,
            "explanation": "Correct. Well done!",
            "notes": "D=(\u22128)^2\u22124(1)(16)\nD=64\u221264\nD=0"
          },
          {
            "q": "For 1x^2 + 2x + -15 = 0, sum of roots = ?",
            "your_answer": "-2",
            "correct_answer": -2,
            "is_correct": true,
            "explanation": "Correct. Well done!",
            "notes": "Sum\u00a0of\u00a0roots=\u22122/1\nSum\u00a0of\u00a0roots=\u22122"
          }
        ]
      },
      {
        "level": "PU",
        "subject": "Algebra",
        "lesson": "Quadratics (Properties)",
        "difficulty": "Intermediate",
        "score": 5,
        "total": 5
      },
      {
        "level": "School",
        "subject": "Arithmetic",
        "lesson": "Addition & Subtraction",
        "difficulty": "Intermediate",
        "score": 3,
        "total": 4
      },
      {
        "level": "School",
        "subject": "Arithmetic",
        "lesson": "Add/Sub",
        "difficulty": "Intermediate",
        "score": 0,
        "total": 3
      },
      {
        "level": "School",
        "subject": "Arithmetic",
        "lesson": "Add/Sub",
        "difficulty": "Intermediate",
        "score": 1,
        "total": 3
      },
      {
        "level": "School",
        "subject": "Arithmetic",
        "lesson": "Add/Sub",
        "difficulty": "Intermediate",
        "score": 2,
        "total": 3
      },
      {
        "level": "School",
        "subject": "Arithmetic",
        "lesson": "Add/Sub",
        "difficulty": "Intermediate",
        "score": 2,
        "total": 3
      },
      {
        "level": "School",
        "subject": "Arithmetic",
        "lesson": "Add/Sub",
        "difficulty": "Intermediate",
        "score": 3,
        "total": 3
      },
      {
        "level": "School",
        "subject": "Arithmetic",
        "lesson": "Add/Sub",
        "difficulty": "Intermediate",
        "score": 3,
        "total": 3
      },
      {
        "level": "School",
        "subject": "Arithmetic",
        "lesson": "Add/Sub",
        "difficulty": "Intermediate",
        "score": 0,
        "total": 3
      },
      {
        "level": "School",
        "subject": "Arithmetic",
        "lesson": "Add/Sub",
        "difficulty": "Intermediate",
        "score": 1,
        "total": 3
      },
      {
        "level": "School",
        "subject": "Arithmetic",
        "lesson": "Add/Sub",
        "difficulty": "Intermediate",
        "score": 1,
        "total": 3
      },
      {
        "level": "School",
        "subject": "Arithmetic",
        "lesson": "Add/Sub",
        "difficulty": "Intermediate",
        "score": 2,
        "total": 3
      },
      {
        "level": "School",
        "subject": "Arithmetic",
        "lesson": "Add/Sub",
        "difficulty": "Intermediate",
        "score": 2,
        "total": 3
      },
      {
        "level": "School",
        "subject": "Arithmetic",
        "lesson": "Add/Sub",
        "difficulty": "Intermediate",
        "score": 3,
        "total": 3
      },
      {
        "level": "School",
        "subject": "Arithmetic",
        "lesson": "Add/Sub",
        "difficulty": "Intermediate",
        "score": 3,
        "total": 3
      },
      {
        "level": "School",
        "subject": "Arithmetic",
        "lesson": "Add/Sub",
        "difficulty": "Intermediate",
        "score": 0,
        "total": 3
      },
      {
        "level": "School",
        "subject": "Arithmetic",
        "lesson": "Add/Sub",
        "difficulty": "Intermediate",
        "score": 1,
        "total": 3
      },
      {
        "level": "School",
        "subject": "Arithmetic",
        "lesson": "Add/Sub",
        "difficulty": "Intermediate",
        "score": 1,
        "total": 3
      },
      {
        "level": "School",
        "subject": "Arithmetic",
        "lesson": "Add/Sub",
        "difficulty": "Intermediate",
        "score": 2,
        "total": 3
      },
      {
        "level": "School",
        "subject": "Arithmetic",
        "lesson": "Add/Sub",
        "difficulty": "Intermediate",
        "score": 3,
        "total": 3
      },
      {
        "level": "School",
        "subject": "Arithmetic",
        "lesson": "Add/Sub",
        "difficulty": "Intermediate",
        "score": 3,
        "total": 3
      },
      {
        "level": "School",
        "subject": "Arithmetic",
        "lesson": "Addition/Subtraction",
        "difficulty": "Intermediate",
        "score": 0,
        "total": 3
      },
      {
        "level": "School",
        "subject": "Arithmetic",
        "lesson": "Addition/Subtraction",
        "difficulty": "Intermediate",
        "score": 1,
        "total": 3
      },
      {
        "level": "School",
        "subject": "Arithmetic",
        "lesson": "Addition/Subtraction",
        "difficulty": "Intermediate",
        "score": 1,
        "total": 3
      },
      {
        "level": "School",
        "subject": "Arithmetic",
        "lesson": "Addition/Subtraction",
        "difficulty": "Intermediate",
        "score": 2,
        "total": 3
      },
      {
        "level": "School",
        "subject": "Arithmetic",
        "lesson": "Addition/Subtraction",
        "difficulty": "Intermediate",
        "score": 2,
        "total": 3
      },
      {
        "level": "School",
        "subject": "Arithmetic",
        "lesson": "Addition/Subtraction",
        "difficulty": "Intermediate",
        "score": 3,
        "total": 3
      },
      {
        "level": "School",
        "subject": "Arithmetic",
        "lesson": "Addition/Subtraction",
        "difficulty": "Intermediate",
        "score": 3,
        "total": 3
      },
      {
        "level": "School",
        "subject": "Arithmetic",
        "lesson": "Addition/Subtraction",
        "difficulty": "Intermediate",
        "score": 3,
        "total": 3
      },
      {
        "level": "School",
        "subject": "Arithmetic",
        "lesson": "Addition/Subtraction",
        "difficulty": "Intermediate",
        "score": 3,
        "total": 3
      },
      {
        "level": "School",
        "subject": "Arithmetic",
        "lesson": "Addition/Subtraction",
        "difficulty": "Intermediate",
        "score": 3,
        "total": 3
      },
      {
        "level": "School",
        "subject": "Arithmetic",
        "lesson": "Addition/Subtraction",
        "difficulty": "Intermediate",
        "score": 3,
        "total": 3
      },
      {
        "level": "School",
        "subject": "Arithmetic",
        "lesson": "Add/Sub",
        "difficulty": "Intermediate",
        "score": 0,
        "total": 3
      },
      {
        "level": "School",
        "subject": "Arithmetic",
        "lesson": "Add/Sub",
        "difficulty": "Intermediate",
        "score": 1,
        "total": 3
      },
      {
        "level": "School",
        "subject": "Arithmetic",
        "lesson": "Add/Sub",
        "difficulty": "Intermediate",
        "score": 1,
        "total": 3
      },
      {
        "level": "School",
        "subject": "Arithmetic",
        "lesson": "Add/Sub",
        "difficulty": "Intermediate",
        "score": 2,
        "total": 3
      },
      {
        "level": "School",
        "subject": "Arithmetic",
        "lesson": "Add/Sub",
        "difficulty": "Intermediate",
        "score": 3,
        "total": 3
      },
      {
        "level": "School",
        "subject": "Arithmetic",
        "lesson": "Add/Sub",
        "difficulty": "Intermediate",
        "score": 3,
        "total": 3
      },
      {
        "level": "School",
        "subject": "Arithmetic",
        "lesson": "Add/Sub",
        "difficulty": "Intermediate",
        "score": 0,
        "total": 3
      },
      {
        "level": "School",
        "subject": "Arithmetic",
        "lesson": "Add/Sub",
        "difficulty": "Intermediate",
        "score": 1,
        "total": 3
      },
      {
        "level": "School",
        "subject": "Arithmetic",
        "lesson": "Add/Sub",
        "difficulty": "Intermediate",
        "score": 1,
        "total": 3
      },
      {
        "level": "School",
        "subject": "Arithmetic",
        "lesson": "Add/Sub",
        "difficulty": "Intermediate",
        "score": 2,
        "total": 3
      },
      {
        "level": "School",
        "subject": "Arithmetic",
        "lesson": "Add/Sub",
        "difficulty": "Intermediate",
        "score": 2,
        "total": 3
      },
      {
        "level": "School",
        "subject": "Arithmetic",
        "lesson": "Add/Sub",
        "difficulty": "Intermediate",
        "score": 2,
        "total": 3
      },
      {
        "level": "School",
        "subject": "Arithmetic",
        "lesson": "Add/Sub",
        "difficulty": "Intermediate",
        "score": 2,
        "total": 3
      },
      {
        "level": "School",
        "subject": "Arithmetic",
        "lesson": "Add/Sub",
        "difficulty": "Intermediate",
        "score": 2,
        "total": 3
      },
      {
        "level": "School",
        "subject": "Arithmetic",
        "lesson": "Add/Sub",
        "difficulty": "Intermediate",
        "score": 2,
        "total": 3
      },
      {
        "level": "School",
        "subject": "Arithmetic",
        "lesson": "Add/Sub",
        "difficulty": "Intermediate",
        "score": 2,
        "total": 3
      },
      {
        "level": "School",
        "subject": "Arithmetic",
        "lesson": "Add/Sub",
        "difficulty": "Intermediate",
        "score": 3,
        "total": 3
      },
      {
        "level": "Engineering",
        "subject": "Algebra",
        "lesson": "Quadratics",
        "difficulty": "Basic",
        "score": 0,
        "total": 3
      },
      {
        "level": "Engineering",
        "subject": "Algebra",
        "lesson": "Quadratics",
        "difficulty": "Basic",
        "score": 1,
        "total": 3
      },
      {
        "level": "Engineering",
        "subject": "Algebra",
        "lesson": "Quadratics",
        "difficulty": "Basic",
        "score": 2,
        "total": 3
      },
      {
        "level": "Engineering",
        "subject": "Algebra",
        "lesson": "Quadratics",
        "difficulty": "Basic",
        "score": 3,
        "total": 3
      },
      {
        "level": "Engineering",
        "subject": "Algebra",
        "lesson": "Quadratics",
        "difficulty": "Basic",
        "score": 3,
        "total": 3
      },
      {
        "level": "Engineering",
        "subject": "Algebra",
        "lesson": "Quadratics",
        "difficulty": "Basic",
        "score": 3,
        "total": 3
      },
      {
        "level": "Engineering",
        "subject": "Algebra",
        "lesson": "Quadratics",
        "difficulty": "Basic",
        "score": 3,
        "total": 3
      },
      {
        "level": "Engineering",
        "subject": "Algebra",
        "lesson": "Quadratics",
        "difficulty": "Basic",
        "score": 3,
        "total": 3
      },
      {
        "level": "Engineering",
        "subject": "Algebra",
        "lesson": "Quadratics",
        "difficulty": "Basic",
        "score": 0,
        "total": 3
      },
      {
        "level": "Engineering",
        "subject": "Algebra",
        "lesson": "Quadratics",
        "difficulty": "Basic",
        "score": 0,
        "total": 3
      },
      {
        "level": "Engineering",
        "subject": "Algebra",
        "lesson": "Quadratics",
        "difficulty": "Basic",
        "score": 0,
        "total": 3
      },
      {
        "level": "Engineering",
        "subject": "Algebra",
        "lesson": "Quadratics",
        "difficulty": "Basic",
        "score": 0,
        "total": 3
      },
      {
        "level": "Engineering",
        "subject": "Algebra",
        "lesson": "Quadratics",
        "difficulty": "Basic",
        "score": 0,
        "total": 3
      },
      {
        "level": "Engineering",
        "subject": "Algebra",
        "lesson": "Quadratics",
        "difficulty": "Basic",
        "score": 0,
        "total": 3
      },
      {
        "level": "Engineering",
        "subject": "Algebra",
        "lesson": "Quadratics",
        "difficulty": "Basic",
        "score": 0,
        "total": 3
      },
      {
        "level": "Engineering",
        "subject": "Algebra",
        "lesson": "Quadratics",
        "difficulty": "Basic",
        "score": 0,
        "total": 3
      },
      {
        "level": "Engineering",
        "subject": "Algebra",
        "lesson": "Quadratics",
        "difficulty": "Basic",
        "score": 0,
        "total": 3
      },
      {
        "level": "Engineering",
        "subject": "Algebra",
        "lesson": "Quadratics",
        "difficulty": "Basic",
        "score": 0,
        "total": 3
      },
      {
        "level": "Engineering",
        "subject": "Algebra",
        "lesson": "Quadratics",
        "difficulty": "Basic",
        "score": 0,
        "total": 3
      },
      {
        "level": "Engineering",
        "subject": "Algebra",
        "lesson": "Quadratics",
        "difficulty": "Basic",
        "score": 0,
        "total": 3
      },
      {
        "level": "Engineering",
        "subject": "Algebra",
        "lesson": "Quadratics",
        "difficulty": "Basic",
        "score": 0,
        "total": 3
      },
      {
        "level": "Engineering",
        "subject": "Algebra",
        "lesson": "Quadratics",
        "difficulty": "Basic",
        "score": 0,
        "total": 3
      },
      {
        "level": "Engineering",
        "subject": "Algebra",
        "lesson": "Quadratics",
        "difficulty": "Basic",
        "score": 0,
        "total": 3
      },
      {
        "level": "Engineering",
        "subject": "Algebra",
        "lesson": "Quadratics",
        "difficulty": "Basic",
        "score": 0,
        "total": 3
      },
      {
        "level": "Engineering",
        "subject": "Algebra",
        "lesson": "Quadratics",
        "difficulty": "Basic",
        "score": 3,
        "total": 3
      },
      {
        "level": "Engineering",
        "subject": "Algebra",
        "lesson": "Quadratics",
        "difficulty": "Basic",
        "score": 3,
        "total": 3
      },
      {
        "level": "Engineering",
        "subject": "Algebra",
        "lesson": "Quadratics",
        "difficulty": "Basic",
        "score": 0,
        "total": 3
      },
      {
        "level": "Engineering",
        "subject": "Algebra",
        "lesson": "Quadratics",
        "difficulty": "Basic",
        "score": 0,
        "total": 3
      },
      {
        "level": "Engineering",
        "subject": "Algebra",
        "lesson": "Quadratics",
        "difficulty": "Basic",
        "score": 3,
        "total": 3
      },
      {
        "level": "School",
        "subject": "Arithmetic",
        "lesson": "Addition/Subtraction",
        "difficulty": "Intermediate",
        "score": 0,
        "total": 3
      },
      {
        "level": "School",
        "subject": "Arithmetic",
        "lesson": "Addition/Subtraction",
        "difficulty": "Intermediate",
        "score": 1,
        "total": 3
      },
      {
        "level": "School",
        "subject": "Arithmetic",
        "lesson": "Addition/Subtraction",
        "difficulty": "Intermediate",
        "score": 2,
        "total": 3
      },
      {
        "level": "School",
        "subject": "Arithmetic",
        "lesson": "Addition/Subtraction",
        "difficulty": "Intermediate",
        "score": 2,
        "total": 3
      },
      {
        "level": "School",
        "subject": "Arithmetic",
        "lesson": "Addition/Subtraction",
        "difficulty": "Intermediate",
        "score": 3,
        "total": 3
      },
      {
        "level": "School",
        "subject": "Arithmetic",
        "lesson": "Addition/Subtraction",
        "difficulty": "Intermediate",
        "score": 3,
        "total": 3
      },
      {
        "level": "School",
        "subject": "Arithmetic",
        "lesson": "Addition/Subtraction",
        "difficulty": "Intermediate",
        "score": 3,
        "total": 3
      },
      {
        "level": "Engineering",
        "subject": "Algebra",
        "lesson": "Quadratics",
        "difficulty": "Basic",
        "score": 0,
        "total": 3
      },
      {
        "level": "Engineering",
        "subject": "Algebra",
        "lesson": "Quadratics",
        "difficulty": "Basic",
        "score": 0,
        "total": 3
      },
      {
        "level": "Engineering",
        "subject": "Algebra",
        "lesson": "Quadratics",
        "difficulty": "Basic",
        "score": 3,
        "total": 3
      },
      {
        "level": "Engineering",
        "subject": "Algebra",
        "lesson": "Quadratics",
        "difficulty": "Basic",
        "score": 3,
        "total": 3
      },
      {
        "level": "Engineering",
        "subject": "Algebra",
        "lesson": "Quadratics",
        "difficulty": "Intermediate",
        "score": 0,
        "total": 3
      },
      {
        "level": "Engineering",
        "subject": "Algebra",
        "lesson": "Quadratics",
        "difficulty": "Intermediate",
        "score": 0,
        "total": 3
      },
      {
        "level": "Engineering",
        "subject": "Algebra",
        "lesson": "Quadratics",
        "difficulty": "Intermediate",
        "score": 0,
        "total": 3
      },
      {
        "level": "Engineering",
        "subject": "Algebra",
        "lesson": "Quadratics",
        "difficulty": "Intermediate",
        "score": 0,
        "total": 3
      },
      {
        "level": "Engineering",
        "subject": "Algebra",
        "lesson": "Quadratics",
        "difficulty": "Intermediate",
        "score": 0,
        "total": 3
      },
      {
        "level": "Engineering",
        "subject": "Algebra",
        "lesson": "Quadratics",
        "difficulty": "Intermediate",
        "score": 0,
        "total": 3
      },
      {
        "level": "Engineering",
        "subject": "Algebra",
        "lesson": "Quadratics",
        "difficulty": "Intermediate",
        "score": 1,
        "total": 3
      },
      {
        "level": "Engineering",
        "subject": "Algebra",
        "lesson": "Quadratics",
        "difficulty": "Intermediate",
        "score": 1,
        "total": 3
      },
      {
        "level": "Engineering",
        "subject": "Algebra",
        "lesson": "Quadratics",
        "difficulty": "Intermediate",
        "score": 2,
        "total": 3
      },
      {
        "level": "Engineering",
        "subject": "Algebra",
        "lesson": "Quadratics",
        "difficulty": "Intermediate",
        "score": 2,
        "total": 3
      },
      {
        "level": "Engineering",
        "subject": "Algebra",
        "lesson": "Quadratics",
        "difficulty": "Basic",
        "score": 0,
        "total": 3
      },
      {
        "level": "Engineering",
        "subject": "Algebra",
        "lesson": "Quadratics",
        "difficulty": "Basic",
        "score": 0,
        "total": 3
      },
      {
        "level": "Engineering",
        "subject": "Algebra",
        "lesson": "Quadratics",
        "difficulty": "Basic",
        "score": 1,
        "total": 3
      },
      {
        "level": "Engineering",
        "subject": "Algebra",
        "lesson": "Quadratics",
        "difficulty": "Basic",
        "score": 1,
        "total": 3
      },
      {
        "level": "Engineering",
        "subject": "Algebra",
        "lesson": "Quadratics",
        "difficulty": "Basic",
        "score": 2,
        "total": 3
      },
      {
        "level": "Engineering",
        "subject": "Algebra",
        "lesson": "Quadratics",
        "difficulty": "Basic",
        "score": 3,
        "total": 3
      },
      {
        "level": "Engineering",
        "subject": "Algebra",
        "lesson": "Quadratics",
        "difficulty": "Intermediate",
        "score": 0,
        "total": 3
      },
      {
        "level": "Engineering",
        "subject": "Algebra",
        "lesson": "Quadratics",
        "difficulty": "Intermediate",
        "score": 3,
        "total": 3
      },
      {
        "level": "Engineering",
        "subject": "Algebra",
        "lesson": "Quadratics",
        "difficulty": "Intermediate",
        "score": 0,
        "total": 3
      },
      {
        "level": "Engineering",
        "subject": "Algebra",
        "lesson": "Quadratics",
        "difficulty": "Intermediate",
        "score": 1,
        "total": 3
      },
      {
        "level": "Engineering",
        "subject": "Algebra",
        "lesson": "Quadratics",
        "difficulty": "Intermediate",
        "score": 1,
        "total": 3
      },
      {
        "level": "Engineering",
        "subject": "Algebra",
        "lesson": "Quadratics",
        "difficulty": "Intermediate",
        "score": 3,
        "total": 3
      },
      {
        "level": "Engineering",
        "subject": "Algebra",
        "lesson": "Quadratics",
        "difficulty": "Intermediate",
        "score": 3,
        "total": 3
      },
      {
        "level": "Engineering",
        "subject": "Algebra",
        "lesson": "Quadratics",
        "difficulty": "Intermediate",
        "score": 3,
        "total": 3
      },
      {
        "level": "Engineering",
        "subject": "Algebra",
        "lesson": "Quadratics",
        "difficulty": "Intermediate",
        "score": 0,
        "total": 3
      },
      {
        "level": "Engineering",
        "subject": "Algebra",
        "lesson": "Quadratics",
        "difficulty": "Intermediate",
        "score": 0,
        "total": 3
      },
      {
        "level": "Engineering",
        "subject": "Algebra",
        "lesson": "Quadratics",
        "difficulty": "Intermediate",
        "score": 0,
        "total": 3
      },
      {
        "level": "School",
        "subject": "Arithmetic",
        "lesson": "Addition/Subtraction",
        "difficulty": "Intermediate",
        "score": 1,
        "total": 3
      },
      {
        "level": "School",
        "subject": "Arithmetic",
        "lesson": "Addition/Subtraction",
        "difficulty": "Intermediate",
        "score": 3,
        "total": 3
      },
      {
        "level": "Engineering",
        "subject": "Algebra",
        "lesson": "Quadratics",
        "difficulty": "Advanced",
        "score": 0,
        "total": 3
      },
      {
        "level": "Engineering",
        "subject": "Algebra",
        "lesson": "Quadratics",
        "difficulty": "Advanced",
        "score": 3,
        "total": 3
      },
      {
        "level": "Engineering",
        "subject": "Algebra",
        "lesson": "Quadratics",
        "difficulty": "Intermediate",
        "score": 2,
        "total": 3
      },
      {
        "level": "Engineering",
        "subject": "Algebra",
        "lesson": "Quadratics",
        "difficulty": "Intermediate",
        "score": 3,
        "total": 3
      },
      {
        "level": "Engineering",
        "subject": "Algebra",
        "lesson": "Polynomials",
        "difficulty": "Intermediate",
        "score": 3,
        "total": 3
      },
      {
        "level": "Engineering",
        "subject": "Algebra",
        "lesson": "Quadratics",
        "difficulty": "Intermediate",
        "score": 3,
        "total": 3
      },
      {
        "level": "Engineering",
        "subject": "Algebra",
        "lesson": "Quadratics",
        "difficulty": "Intermediate",
        "score": 3,
        "total": 3
      },
      {
        "level": "Engineering",
        "subject": "Algebra",
        "lesson": "Quadratics",
        "difficulty": "Advanced",
        "score": 0,
        "total": 3
      },
      {
        "level": "Engineering",
        "subject": "Algebra",
        "lesson": "Quadratics",
        "difficulty": "Advanced",
        "score": 3,
        "total": 3
      },
      {
        "level": "Engineering",
        "subject": "Algebra",
        "lesson": "Quadratics",
        "difficulty": "Advanced",
        "score": 3,
        "total": 3
      },
      {
        "level": "Engineering",
        "subject": "Algebra",
        "lesson": "Quadratics",
        "difficulty": "Advanced",
        "score": 0,
        "total": 3
      },
      {
        "level": "Engineering",
        "subject": "Algebra",
        "lesson": "Quadratics",
        "difficulty": "Advanced",
        "score": 0,
        "total": 3
      },
      {
        "level": "Engineering",
        "subject": "Algebra",
        "lesson": "Quadratics",
        "difficulty": "Advanced",
        "score": 2,
        "total": 3
      },
      {
        "level": "Engineering",
        "subject": "Algebra",
        "lesson": "Quadratics",
        "difficulty": "Advanced",
        "score": 2,
        "total": 3
      },
      {
        "level": "Engineering",
        "subject": "Algebra",
        "lesson": "Quadratics",
        "difficulty": "Advanced",
        "score": 3,
        "total": 3
      },
      {
        "level": "Engineering",
        "subject": "Algebra",
        "lesson": "Quadratics",
        "difficulty": "Advanced",
        "score": 2,
        "total": 3
      },
      {
        "level": "Engineering",
        "subject": "Algebra",
        "lesson": "Quadratics",
        "difficulty": "Advanced",
        "score": 2,
        "total": 3
      },
      {
        "level": "Engineering",
        "subject": "Algebra",
        "lesson": "Quadratics",
        "difficulty": "Intermediate",
        "score": 0,
        "total": 3
      },
      {
        "level": "Engineering",
        "subject": "Algebra",
        "lesson": "Quadratics",
        "difficulty": "Intermediate",
        "score": 0,
        "total": 3
      },
      {
        "level": "Engineering",
        "subject": "Algebra",
        "lesson": "Quadratics",
        "difficulty": "Intermediate",
        "score": 2,
        "total": 3
      },
      {
        "level": "Engineering",
        "subject": "Algebra",
        "lesson": "Quadratics",
        "difficulty": "Intermediate",
        "score": 3,
        "total": 3
      },
      {
        "level": "Engineering",
        "subject": "Algebra",
        "lesson": "Quadratics",
        "difficulty": "Intermediate",
        "score": 3,
        "total": 3
      },
      {
        "level": "Engineering",
        "subject": "Algebra",
        "lesson": "Quadratics",
        "difficulty": "Intermediate",
        "score": 2,
        "total": 3
      }
    ]
  }
}